{
  "config": {
    "seed": 42,
    "device": "cpu",
    "dataset": {
      "name": "elliptic",
      "root": "data/elliptic"
    },
    "model": {
      "type": "gin",
      "params": {
        "hidden_channels": 64,
        "dropout": 0.5
      }
    },
    "train": {
      "epochs": 200,
      "lr": 0.01,
      "weight_decay": 0.0005,
      "patience": 20
    },
    "val_fraction": 0.2,
    "output_dir": "results",
    "output_name": "elliptic_gin",
    "wandb": {
      "enabled": false,
      "project": "gnn-aml",
      "entity": null
    }
  },
  "model_type": "gin",
  "dataset_meta": {
    "num_nodes": 203769,
    "num_edges": 234355,
    "num_features": 165,
    "label_counts": {
      "0": 42019,
      "1": 4545,
      "2": 157205
    },
    "positive_class": 1,
    "n_labeled": 46564,
    "splits": {
      "train": {
        "n": 29894,
        "n_pos": 3462,
        "n_neg": 26432,
        "pos_rate": 0.11580919248009634
      },
      "test": {
        "n": 16670,
        "n_pos": 1083,
        "n_neg": 15587,
        "pos_rate": 0.06496700659868027
      }
    }
  },
  "fixed_threshold_from_val": 0.954133927822113,
  "val_metrics": {
    "auc_pr": 0.9424685816646059,
    "roc_auc": 0.9836732808470116,
    "f1": 0.8961424332344213,
    "precision": 0.9207317073170732,
    "recall": 0.8728323699421965,
    "recall_at_precision_90": 0.8815028901734104,
    "n_pos": 692,
    "n_neg": 5287,
    "threshold": 0.954133927822113
  },
  "test_metrics": {
    "auc_pr": 0.36097235227537666,
    "roc_auc": 0.8291400882699264,
    "f1": 0.42652899126290705,
    "precision": 0.3742160278745645,
    "recall": 0.49584487534626037,
    "recall_at_precision_90": 0.0009233610341643582,
    "n_pos": 1083,
    "n_neg": 15587,
    "threshold": 0.954133927822113
  }
}