{
  "config": {
    "seed": 42,
    "device": "cpu",
    "dataset": {
      "name": "elliptic",
      "root": "data/elliptic"
    },
    "model": {
      "type": "gat",
      "params": {
        "hidden_channels": 64,
        "heads": 8,
        "dropout": 0.5
      }
    },
    "train": {
      "epochs": 200,
      "lr": 0.005,
      "weight_decay": 0.0005,
      "patience": 20
    },
    "val_fraction": 0.2,
    "output_dir": "results",
    "output_name": "elliptic_gat",
    "wandb": {
      "enabled": false,
      "project": "gnn-aml",
      "entity": null
    }
  },
  "model_type": "gat",
  "dataset_meta": {
    "num_nodes": 203769,
    "num_edges": 234355,
    "num_features": 165,
    "label_counts": {
      "0": 42019,
      "1": 4545,
      "2": 157205
    },
    "positive_class": 1,
    "n_labeled": 46564,
    "splits": {
      "train": {
        "n": 29894,
        "n_pos": 3462,
        "n_neg": 26432,
        "pos_rate": 0.11580919248009634
      },
      "test": {
        "n": 16670,
        "n_pos": 1083,
        "n_neg": 15587,
        "pos_rate": 0.06496700659868027
      }
    }
  },
  "fixed_threshold_from_val": 0.8260206580162048,
  "val_metrics": {
    "auc_pr": 0.8439667467885518,
    "roc_auc": 0.9714391062820683,
    "f1": 0.785986290936786,
    "precision": 0.8309178743961353,
    "recall": 0.7456647398843931,
    "recall_at_precision_90": 0.5375722543352601,
    "n_pos": 692,
    "n_neg": 5287,
    "threshold": 0.8260206580162048
  },
  "test_metrics": {
    "auc_pr": 0.2945956459329726,
    "roc_auc": 0.871196348781548,
    "f1": 0.4170347003154574,
    "precision": 0.3167225682798275,
    "recall": 0.6103416435826408,
    "recall_at_precision_90": 0.003693444136657433,
    "n_pos": 1083,
    "n_neg": 15587,
    "threshold": 0.8260206580162048
  }
}