{
  "model_type": "heuristics",
  "dataset_meta": {
    "variant": "HI-Small",
    "num_nodes": 515088,
    "num_edges": 5078345,
    "num_node_features": 5,
    "num_edge_features": 6,
    "n_illicit": 5177,
    "illicit_rate": 0.0010194266045335635,
    "patterns_matched": 3209,
    "patterns_total_illicit": 5177,
    "pattern_counts": {
      "bipartite": 263,
      "cycle": 287,
      "fan_in": 318,
      "fan_out": 342,
      "gather_scatter": 716,
      "random": 191,
      "scatter_gather": 626,
      "stack": 466,
      "unknown": 1968
    },
    "encoders": {
      "receiving_currency": [
        "US Dollar",
        "Bitcoin",
        "Euro",
        "Australian Dollar",
        "Yuan",
        "Rupee",
        "Mexican Peso",
        "Yen",
        "UK Pound",
        "Ruble",
        "Canadian Dollar",
        "Swiss Franc",
        "Brazil Real",
        "Saudi Riyal",
        "Shekel"
      ],
      "payment_currency": [
        "US Dollar",
        "Bitcoin",
        "Euro",
        "Australian Dollar",
        "Yuan",
        "Rupee",
        "Yen",
        "Mexican Peso",
        "UK Pound",
        "Ruble",
        "Canadian Dollar",
        "Swiss Franc",
        "Brazil Real",
        "Saudi Riyal",
        "Shekel"
      ],
      "payment_format": [
        "Reinvestment",
        "Cheque",
        "Credit Card",
        "ACH",
        "Cash",
        "Wire",
        "Bitcoin"
      ]
    },
    "time_range_unix": [
      1661990400,
      1663517880
    ],
    "splits": {
      "train": {
        "n": 3300881,
        "n_pos": 2556,
        "pos_rate": 0.0007743387295694695
      },
      "val": {
        "n": 761582,
        "n_pos": 823,
        "pos_rate": 0.0010806452883602817
      },
      "test": {
        "n": 1015882,
        "n_pos": 1798,
        "pos_rate": 0.0017698905975300282
      }
    }
  },
  "fixed_threshold_from_val": 1.4499886765802747,
  "val_metrics": {
    "auc_pr": 0.0008220348078231732,
    "roc_auc": 0.258661532364229,
    "f1": 0.003386004514672686,
    "precision": 0.0018350494443878072,
    "recall": 0.02187120291616039,
    "recall_at_precision_90": 0.0,
    "n_pos": 823,
    "n_neg": 760759,
    "threshold": 1.4499886765802747
  },
  "test_metrics": {
    "auc_pr": 0.0011847376542759352,
    "roc_auc": 0.26819518204824605,
    "f1": 0.0034654537578514186,
    "precision": 0.001991205509001908,
    "recall": 0.013348164627363738,
    "recall_at_precision_90": 0.0,
    "n_pos": 1798,
    "n_neg": 1014084,
    "threshold": 1.4499886765802747
  },
  "per_pattern": {
    "fan_out": {
      "f1": 0.0,
      "precision": 0.0,
      "recall": 0.0,
      "n_pos": 140,
      "n_detected": 0
    },
    "fan_in": {
      "f1": 0.0,
      "precision": 0.0,
      "recall": 0.0,
      "n_pos": 137,
      "n_detected": 0
    },
    "gather_scatter": {
      "f1": 0.0,
      "precision": 0.0,
      "recall": 0.0,
      "n_pos": 401,
      "n_detected": 0
    },
    "scatter_gather": {
      "f1": 0.0,
      "precision": 0.0,
      "recall": 0.0,
      "n_pos": 252,
      "n_detected": 0
    },
    "cycle": {
      "f1": 0.0,
      "precision": 0.0,
      "recall": 0.0,
      "n_pos": 109,
      "n_detected": 0
    },
    "random": {
      "f1": 0.0,
      "precision": 0.0,
      "recall": 0.0,
      "n_pos": 86,
      "n_detected": 0
    },
    "bipartite": {
      "f1": 0.0,
      "precision": 0.0,
      "recall": 0.0,
      "n_pos": 74,
      "n_detected": 0
    },
    "stack": {
      "f1": 0.0,
      "precision": 0.0,
      "recall": 0.0,
      "n_pos": 140,
      "n_detected": 0
    },
    "unknown": {
      "f1": 0.0038363171355498722,
      "precision": 0.001991205509001908,
      "recall": 0.05228758169934641,
      "n_pos": 459,
      "n_detected": 24
    }
  }
}